rep,job_id,hier,variant,family,gpus,ze_mask,N,dt,steps,wall_sec,reported_sec,status
5,519270,COMPOSITE,1-omp,1gpu,1,0,1152,3.310659e-05,500,100.6290,35.638971,ok
5,519270,COMPOSITE,2-omp,2gpu,2,0,1,1152,3.310659e-05,500,87.0730,21.244192,ok
5,519270,COMPOSITE,2-omp-stream,2gpu,2,0,1,1152,3.310659e-05,500,86.0450,20.011795,ok
5,519270,COMPOSITE,2-omp-stream-omp,2gpu,2,0,1,1152,3.310659e-05,500,85.9840,20.030805,ok
5,519270,COMPOSITE,2-omp-stream-omp-p2p,2gpu,2,0,1,1152,3.310659e-05,500,84.5120,18.510271,ok
5,519270,COMPOSITE,4-omp,4gpu,4,0,1,2,3,1152,3.310659e-05,500,84.2000,17.226880,ok
5,519270,COMPOSITE,4-omp-stream,4gpu,4,0,1,2,3,1152,3.310659e-05,500,79.8350,12.954657,ok
5,519270,COMPOSITE,4-omp-stream-omp,4gpu,4,0,1,2,3,1152,3.310659e-05,500,79.1180,12.371696,ok
5,519270,COMPOSITE,4-omp-stream-omp-p2p,4gpu,4,0,1,2,3,1152,3.310659e-05,500,74.8800,10.094717,ok
