rep,job_id,variant,family,gpus,rocr_mask,N,dt,steps,wall_sec,reported_sec,status
4,20444216,1-omp,1gpu,1,0,1024,4.190964e-05,500,193.2230,73.163442,ok
4,20444216,2-omp,2gpu,2,0,2,1024,4.190964e-05,500,141.8470,36.854990,ok
4,20444216,2-omp-stream,2gpu,2,0,2,1024,4.190964e-05,500,141.2070,36.165550,ok
4,20444216,2-omp-stream-omp,2gpu,2,0,2,1024,4.190964e-05,500,140.7960,36.145977,ok
4,20444216,2-omp-stream-omp-p2p,2gpu,2,0,2,1024,4.190964e-05,500,142.0750,36.248563,ok
4,20444216,4-omp,4gpu,4,0,2,4,6,1024,4.190964e-05,500,126.4790,20.275005,ok
4,20444216,4-omp-stream,4gpu,4,0,2,4,6,1024,4.190964e-05,500,123.6540,18.215807,ok
4,20444216,4-omp-stream-omp,4gpu,4,0,2,4,6,1024,4.190964e-05,500,124.6560,18.163752,ok
4,20444216,4-omp-stream-omp-p2p,4gpu,4,0,2,4,6,1024,4.190964e-05,500,100.8650,N/A,runtime_error
