rep,job_id,variant,family,gpus,cuda_mask,N,dt,steps,wall_sec,reported_sec,status
4,43881770,1-cuda,1gpu,1,0,1024,4.190964e-05,500,42.6550,13.567523,ok
4,43881770,2-cuda,2gpu,2,0-1,1024,4.190964e-05,500,39.1730,10.005077,ok
4,43881770,2-cuda-stream,2gpu,2,0-1,1024,4.190964e-05,500,39.4110,9.966148,ok
4,43881770,2-cuda-stream-omp,2gpu,2,0-1,1024,4.190964e-05,500,38.8560,9.310256,ok
4,43881770,2-cuda-stream-omp-p2p,2gpu,2,0-1,1024,4.190964e-05,500,37.9600,8.660925,ok
4,43881770,4-cuda,4gpu,4,0-1-2-3,1024,4.190964e-05,500,39.4190,8.988488,ok
4,43881770,4-cuda-stream,4gpu,4,0-1-2-3,1024,4.190964e-05,500,39.1520,9.002000,ok
4,43881770,4-cuda-stream-omp,4gpu,4,0-1-2-3,1024,4.190964e-05,500,36.4560,6.187917,ok
4,43881770,4-cuda-stream-omp-p2p,4gpu,4,0-1-2-3,1024,4.190964e-05,500,34.6790,4.434690,ok
